model,n,neg,neu,pos,acc
Hermes,42,35,3,4,0.928571
Llama,42,35,4,3,0.928571
Qwen,42,30,9,3,0.904762
VADER,42,14,5,23,0.428571
