model,n,accuracy,macro_f1,weighted_f1,kappa,mcc,sarcasm_acc,ethics_jaccard
Hermes,51,0.901961,0.884089,0.896296,0.768182,0.779536,0.431373,0.27451
Llama,51,0.882353,0.826912,0.874262,0.729682,0.738178,0.431373,0.552288
Qwen,51,0.843137,0.79215,0.845378,0.668831,0.671812,0.431373,0.73366
VADER,51,0.411765,0.527931,0.475229,0.169832,0.239034,,
