term,tfidf_score
issues,0.6409302216417979
privacy issues,0.6409302216417979
privacy,0.42239424945469095
biases,0.39060302564936067
information ai,0.3808540578177942
misuse transparency,0.3808540578177942
ai misuse,0.3808540578177942
sure,0.3808540578177942
sure information,0.3808540578177942
human,0.3743205521598326
workload clear,0.3583995638649289
reduce workload,0.3583995638649289
efficiency reduce,0.3583995638649289
workload,0.3583995638649289
legislation,0.3583995638649289
clear legislation,0.3583995638649289
misuse,0.3388244486590499
ai,0.32525347023953627
results human,0.32101893025859074
results,0.32101893025859074
errors decisions,0.32101893025859074
human reviews,0.32101893025859074
errors,0.32101893025859074
reviews,0.32101893025859074
decisions results,0.32101893025859074
potential errors,0.32101893025859074
technology,0.31962800906087563
fair reduce,0.31688115067443295
resources,0.31688115067443295
fair,0.31688115067443295
reduce human,0.31688115067443295
resources human,0.31688115067443295
checking,0.31688115067443295
human resources,0.31688115067443295
human checking,0.31688115067443295
activities,0.3100226073666176
clear,0.2907856290706292
code,0.2907248288240818
code conduct,0.2907248288240818
conduct,0.2907248288240818


#Top terms across the entire dataset (all responses combined), ranked by TF-IDF score.
#TF-IDF, or Term Frequency-Inverse Document Frequency, is a statistical measure that assesses how important a word is to a document within a larger collection of documents (a corpus). 